scenarioA_game_has_remote_debug	True	"F:\moonbit-hof-rs\godot-mcp\godot\bin\godot.windows.editor.x86_64.mono.console.exe" --headless --path C:\Users\wyl\AppData\Local\Temp\mcp151\proj --remote-debug tcp://127.0.0.1:6011 --mcp-port=9889 
scenarioA_game_has_no_editor_pid	True	no --editor-pid confound
game_endpoint_healthy_before	True	tools/list -> HTTP/1.1 200 OK in 39 ms
game_analyzer_error_is_32602_with_parse_error	True	HTTP/1.1 200 OK in 25 ms; body={"error":{"code":-32602,"data":{"parse_error":{"generated_line":4,"in_caller_code":true,"line":1,"message":"Parse Error: Cannot get return value of call to \"action_press()\" because it returns \"void
game_analyzer_error_is_answered_not_frozen	True	elapsed 25 ms (pre-fix: no status line in 20000 ms)
game_parse_error_is_32602_with_parse_error	True	HTTP/1.1 200 OK in 17 ms
game_runtime_error_is_32000_with_script_error	True	HTTP/1.1 200 OK in 12 ms; body={"error":{"code":-32000,"data":{"script_error":{"body_script_path":"gdscript://-9223372007159101960.gd","column":null,"error_count":1,"function":"_mcp_execute","generated_line":6,"in_caller_code":true
game_runtime_error_is_answered_not_frozen	True	elapsed 12 ms
game_success_still_works	True	HTTP/1.1 200 OK in 3 ms; body={"id":14,"jsonrpc":"2.0","result":{"content":[{"text":"{\"result\":42,\"result_type\":\"int\"}","type":"text"}]}}
game_endpoint_healthy_after	True	tools/list -> HTTP/1.1 200 OK in 5 ms
game_status_answers_and_frame_count_is_moving	True	{"connections":1,"frame_count":43,"is_editor":false,"listening":true,"pending":0,"pending_connections":0,"port":9889,"server":"godot-mcp-rs","status":"ok","tools":73,"transport":"streamable-http"}
scenarioA_listener_still_present	True	9889 listen pids = 91984
scenarioA_engine_process_alive_at_end	True	listener pid(s) 91984 still alive; launcher stub pid 118700 exited=False
scenarioB_play_scene_reported_a_pid	True	pid=117936
scenarioB_game_has_remote_debug_and_editor_pid	True	the smoke run's exact shape
played_endpoint_healthy_before	True	tools/list -> HTTP/1.1 200 OK in 7 ms
played_analyzer_error_is_32602_with_parse_error	True	HTTP/1.1 200 OK in 16 ms; body={"error":{"code":-32602,"data":{"parse_error":{"generated_line":4,"in_caller_code":true,"line":1,"message":"Parse Error: Cannot get return value of call to \"action_press()\" because it returns \"void
played_analyzer_error_is_answered_not_frozen	True	elapsed 16 ms (pre-fix: no status line in 20000 ms)
played_parse_error_is_32602_with_parse_error	True	HTTP/1.1 200 OK in 4 ms
played_runtime_error_is_32000_with_script_error	True	HTTP/1.1 200 OK in 3 ms; body={"error":{"code":-32000,"data":{"script_error":{"body_script_path":"gdscript://-9223372006303463903.gd","column":null,"error_count":1,"function":"_mcp_execute","generated_line":6,"in_caller_code":true
played_runtime_error_is_answered_not_frozen	True	elapsed 3 ms
played_success_still_works	True	HTTP/1.1 200 OK in 2 ms; body={"id":14,"jsonrpc":"2.0","result":{"content":[{"text":"{\"result\":42,\"result_type\":\"int\"}","type":"text"}]}}
played_endpoint_healthy_after	True	tools/list -> HTTP/1.1 200 OK in 5 ms
played_status_answers_and_frame_count_is_moving	True	{"connections":1,"frame_count":190,"is_editor":false,"listening":true,"pending":0,"pending_connections":0,"port":9889,"server":"godot-mcp-rs","status":"ok","tools":73,"transport":"streamable-http"}
scenarioB_game_process_alive_at_end	True	pid 117936 still there
scenarioB_game_listener_still_present	True	9889 listen pids = 117936
editor_endpoint_healthy_before	True	tools/list -> HTTP/1.1 200 OK in 27 ms
editor_analyzer_error_is_32602_with_parse_error	True	HTTP/1.1 200 OK in 25 ms; body={"error":{"code":-32602,"data":{"parse_error":{"generated_line":5,"in_caller_code":true,"line":1,"message":"Parse Error: Cannot get return value of call to \"action_press()\" because it returns \"void
editor_analyzer_error_is_answered_not_frozen	True	elapsed 25 ms (pre-fix: no status line in 20000 ms)
editor_parse_error_is_32602_with_parse_error	True	HTTP/1.1 200 OK in 15 ms
editor_runtime_error_is_answered_not_frozen	True	elapsed 12 ms
editor_success_still_works	True	HTTP/1.1 200 OK in 4 ms; body={"id":14,"jsonrpc":"2.0","result":{"content":[{"text":"{\"result\":42,\"result_type\":\"int\"}","type":"text"}]}}
editor_endpoint_healthy_after	True	tools/list -> HTTP/1.1 200 OK in 7 ms
editor_status_answers_and_frame_count_is_moving	True	{"connections":1,"frame_count":300,"is_editor":true,"listening":true,"pending":0,"pending_connections":0,"port":9888,"server":"godot-mcp-rs","status":"ok","tools":154,"transport":"streamable-http"}
